,0,1,2
0,25 26 29 30 32 35 37 35,0,"Val direction switches, 35,37,35"
1,15 16 17 20 22 24 26 26,0,Val diff for 26 and 26 is not amenable
2,80 81 83 85 89,0,Val diff for 85 and 89 is not amenable
3,76 77 79 82 84 87 89 95,0,Val diff for 89 and 95 is not amenable
4,73 75 78 81 83 84 81 84,0,"Val direction switches, 83,84,81"
5,9 10 11 12 11 8,0,"Val direction switches, 11,12,11"
6,27 28 30 33 35 34 37 37,0,"Val direction switches, 33,35,34"
7,67 70 69 72 74 78,0,"Val direction switches, 67,70,69"
8,65 66 69 72 75 72 74 79,0,"Val direction switches, 72,75,72"
9,22 25 25 26 27 28,0,Val diff for 25 and 25 is not amenable
10,47 50 53 53 51,0,Val diff for 53 and 53 is not amenable
11,67 70 70 71 74 75 77 77,0,Val diff for 70 and 70 is not amenable
12,68 69 71 74 74 78,0,Val diff for 74 and 74 is not amenable
13,54 56 58 58 65,0,Val diff for 58 and 58 is not amenable
14,19 21 24 28 30 32 34 36,0,Val diff for 24 and 28 is not amenable
15,75 78 79 80 84 81,0,Val diff for 80 and 84 is not amenable
16,13 16 19 20 23 25 29 29,0,Val diff for 25 and 29 is not amenable
17,66 67 69 73 75 78 79 83,0,Val diff for 69 and 73 is not amenable
18,41 42 46 49 56,0,Val diff for 42 and 46 is not amenable
19,86 87 90 96 97 98 99,0,Val diff for 90 and 96 is not amenable
20,67 68 74 76 78 76,0,Val diff for 68 and 74 is not amenable
21,64 65 66 67 69 74 75 75,0,Val diff for 69 and 74 is not amenable
22,55 58 61 68 72,0,Val diff for 61 and 68 is not amenable
23,44 45 48 50 53 54 60 65,0,Val diff for 54 and 60 is not amenable
24,41 38 40 42 44 47,0,"Val direction switches, 41,38,40"
25,50 48 49 52 54 56 54,0,"Val direction switches, 50,48,49"
26,62 59 61 64 65 66 66,0,"Val direction switches, 62,59,61"
27,29 27 29 30 31 35,0,"Val direction switches, 29,27,29"
28,32 29 31 34 40,0,"Val direction switches, 32,29,31"
29,27 25 27 29 28 31 33 34,0,"Val direction switches, 27,25,27"
30,68 66 67 65 66 68 70 67,0,"Val direction switches, 68,66,67"
31,41 38 39 40 43 42 44 44,0,"Val direction switches, 41,38,39"
32,82 79 81 84 82 86,0,"Val direction switches, 82,79,81"
33,78 75 74 77 78 85,0,"Val direction switches, 75,74,77"
34,89 88 91 93 94 97 97 99,0,"Val direction switches, 89,88,91"
35,63 61 61 62 64 63,0,Val diff for 61 and 61 is not amenable
36,44 43 43 45 46 46,0,Val diff for 43 and 43 is not amenable
37,86 84 85 85 89,0,"Val direction switches, 86,84,85"
38,19 18 21 24 24 29,0,"Val direction switches, 19,18,21"
39,18 17 20 24 25 27 28,0,"Val direction switches, 18,17,20"
40,15 14 15 17 21 24 22,0,"Val direction switches, 15,14,15"
41,85 83 86 90 90,0,"Val direction switches, 85,83,86"
42,28 26 30 32 34 37 41,0,Val diff for 26 and 30 is not amenable
43,78 77 78 82 85 92,0,"Val direction switches, 78,77,78"
44,73 71 77 80 83,0,Val diff for 71 and 77 is not amenable
45,12 11 12 14 20 22 24 22,0,"Val direction switches, 12,11,12"
46,48 47 54 56 56,0,Val diff for 47 and 54 is not amenable
47,37 36 41 43 47,0,Val diff for 36 and 41 is not amenable
48,83 80 81 83 90 95,0,"Val direction switches, 83,80,81"
49,53 53 55 57 60,0,Val diff for 53 and 53 is not amenable
50,31 31 32 33 36 35,0,Val diff for 31 and 31 is not amenable
51,86 86 87 88 91 94 94,0,Val diff for 86 and 86 is not amenable
52,82 82 84 86 88 92,0,Val diff for 82 and 82 is not amenable
53,17 17 18 19 21 27,0,Val diff for 17 and 17 is not amenable
54,29 29 31 28 30 33 36,0,Val diff for 29 and 29 is not amenable
55,70 70 71 68 65,0,Val diff for 70 and 70 is not amenable
56,1 1 2 1 1,0,Val diff for 1 and 1 is not amenable
57,27 27 29 27 31,0,Val diff for 27 and 27 is not amenable
58,38 38 41 43 45 48 45 52,0,Val diff for 38 and 38 is not amenable
59,40 40 41 43 43 46 49,0,Val diff for 40 and 40 is not amenable
60,7 7 7 9 11 14 13,0,Val diff for 7 and 7 is not amenable
61,3 3 6 9 10 10 10,0,Val diff for 3 and 3 is not amenable
62,20 20 21 21 25,0,Val diff for 20 and 20 is not amenable
63,51 51 51 53 60,0,Val diff for 51 and 51 is not amenable
64,40 40 41 45 48 49 52,0,Val diff for 40 and 40 is not amenable
65,73 73 74 76 79 81 85 83,0,Val diff for 73 and 73 is not amenable
66,8 8 12 13 13,0,Val diff for 8 and 8 is not amenable
67,40 40 41 43 45 46 50 54,0,Val diff for 40 and 40 is not amenable
68,72 72 73 74 78 85,0,Val diff for 72 and 72 is not amenable
69,42 42 43 50 51 53,0,Val diff for 42 and 42 is not amenable
70,62 62 63 66 69 75 73,0,Val diff for 62 and 62 is not amenable
71,28 28 31 32 38 40 40,0,Val diff for 28 and 28 is not amenable
72,48 48 51 56 58 59 63,0,Val diff for 48 and 48 is not amenable
73,39 39 41 47 50 56,0,Val diff for 39 and 39 is not amenable
74,29 33 35 37 38,0,Val diff for 29 and 33 is not amenable
75,20 24 27 29 31 32 35 33,0,Val diff for 20 and 24 is not amenable
76,55 59 60 62 62,0,Val diff for 55 and 59 is not amenable
77,38 42 43 45 47 48 50 54,0,Val diff for 38 and 42 is not amenable
78,9 13 15 18 20 23 24 29,0,Val diff for 9 and 13 is not amenable
79,72 76 77 80 78 80 83,0,Val diff for 72 and 76 is not amenable
80,57 61 64 65 68 67 68 67,0,Val diff for 57 and 61 is not amenable
81,72 76 78 79 81 82 79 79,0,Val diff for 72 and 76 is not amenable
82,12 16 19 22 25 28 25 29,0,Val diff for 12 and 16 is not amenable
83,33 37 38 41 42 39 45,0,Val diff for 33 and 37 is not amenable
84,36 40 41 44 44 46,0,Val diff for 36 and 40 is not amenable
85,65 69 70 72 75 75 72,0,Val diff for 65 and 69 is not amenable
86,9 13 13 15 15,0,Val diff for 9 and 13 is not amenable
87,33 37 39 42 45 45 46 50,0,Val diff for 33 and 37 is not amenable
88,69 73 76 77 80 80 86,0,Val diff for 69 and 73 is not amenable
89,7 11 12 16 18 19,0,Val diff for 7 and 11 is not amenable
90,30 34 35 36 40 38,0,Val diff for 30 and 34 is not amenable
91,34 38 39 43 45 47 47,0,Val diff for 34 and 38 is not amenable
92,2 6 8 12 13 16 20,0,Val diff for 2 and 6 is not amenable
93,36 40 43 46 50 55,0,Val diff for 36 and 40 is not amenable
94,76 80 85 86 88 91 92,0,Val diff for 76 and 80 is not amenable
95,46 50 51 52 59 60 61 60,0,Val diff for 46 and 50 is not amenable
96,1 5 7 12 12,0,Val diff for 1 and 5 is not amenable
97,61 65 70 71 74 75 79,0,Val diff for 61 and 65 is not amenable
98,28 32 35 36 37 44 46 52,0,Val diff for 28 and 32 is not amenable
99,24 30 33 35 37,0,Val diff for 24 and 30 is not amenable
100,75 82 83 84 87 90 91 88,0,Val diff for 75 and 82 is not amenable
101,52 59 60 61 63 65 65,0,Val diff for 52 and 59 is not amenable
102,54 59 62 63 65 66 70,0,Val diff for 54 and 59 is not amenable
103,17 24 25 27 29 34,0,Val diff for 17 and 24 is not amenable
104,57 64 67 70 67 68 70 73,0,Val diff for 57 and 64 is not amenable
105,69 76 78 81 83 82 80,0,Val diff for 69 and 76 is not amenable
106,13 19 20 18 20 20,0,Val diff for 13 and 19 is not amenable
107,20 27 29 28 29 33,0,Val diff for 20 and 27 is not amenable
108,10 16 18 15 16 21,0,Val diff for 10 and 16 is not amenable
109,66 72 74 77 77 80,0,Val diff for 66 and 72 is not amenable
110,62 68 70 73 75 75 72,0,Val diff for 62 and 68 is not amenable
111,84 89 89 91 92 95 96 96,0,Val diff for 84 and 89 is not amenable
112,21 27 28 28 32,0,Val diff for 21 and 27 is not amenable
113,32 37 39 40 43 43 50,0,Val diff for 32 and 37 is not amenable
114,18 25 26 29 33 36 37,0,Val diff for 18 and 25 is not amenable
115,9 15 16 20 23 25 26 25,0,Val diff for 9 and 15 is not amenable
116,49 54 58 61 61,0,Val diff for 49 and 54 is not amenable
117,46 52 54 55 57 61 65,0,Val diff for 46 and 52 is not amenable
118,21 27 29 30 34 35 36 42,0,Val diff for 21 and 27 is not amenable
119,78 83 84 90 92 95,0,Val diff for 78 and 83 is not amenable
120,54 61 63 65 66 67 74 72,0,Val diff for 54 and 61 is not amenable
121,1 7 9 10 11 17 20 20,0,Val diff for 1 and 7 is not amenable
122,39 46 52 55 56 60,0,Val diff for 39 and 46 is not amenable
123,7 12 14 16 18 20 26 32,0,Val diff for 7 and 12 is not amenable
124,89 87 84 83 84,0,"Val direction switches, 84,83,84"
125,37 36 35 32 31 29 27 27,0,Val diff for 27 and 27 is not amenable
126,48 45 42 41 40 37 34 30,0,Val diff for 34 and 30 is not amenable
127,23 21 20 18 17 14 12 7,0,Val diff for 12 and 7 is not amenable
128,69 67 65 63 60 63 62,0,"Val direction switches, 63,60,63"
129,93 91 88 86 89 92,0,"Val direction switches, 88,86,89"
130,10 8 6 7 7,0,"Val direction switches, 8,6,7"
131,28 26 24 27 26 24 23 19,0,"Val direction switches, 26,24,27"
132,54 51 52 51 50 44,0,"Val direction switches, 54,51,52"
133,65 64 61 60 60 59,0,Val diff for 60 and 60 is not amenable
134,18 16 13 10 8 5 5 8,0,Val diff for 5 and 5 is not amenable
135,80 78 76 76 76,0,Val diff for 76 and 76 is not amenable
136,89 87 84 82 82 79 77 73,0,Val diff for 82 and 82 is not amenable
137,27 24 24 21 19 18 11,0,Val diff for 24 and 24 is not amenable
138,44 43 39 38 36,0,Val diff for 43 and 39 is not amenable
139,15 14 13 10 6 3 2 3,0,Val diff for 10 and 6 is not amenable
140,76 73 69 67 64 64,0,Val diff for 73 and 69 is not amenable
141,53 51 50 48 44 43 39,0,Val diff for 48 and 44 is not amenable
142,20 19 17 15 11 6,0,Val diff for 15 and 11 is not amenable
143,50 47 40 37 36,0,Val diff for 47 and 40 is not amenable
144,98 96 93 87 84 82 84,0,Val diff for 93 and 87 is not amenable
145,43 42 37 34 33 31 28 28,0,Val diff for 42 and 37 is not amenable
146,32 30 29 27 20 17 14 10,0,Val diff for 27 and 20 is not amenable
147,66 64 62 61 59 53 52 46,0,Val diff for 59 and 53 is not amenable
148,17 19 17 14 11 10 7 5,0,"Val direction switches, 17,19,17"
149,73 76 73 72 71 73,0,"Val direction switches, 73,76,73"
150,78 80 79 76 75 72 72,0,"Val direction switches, 78,80,79"
151,16 18 15 13 10 6,0,"Val direction switches, 16,18,15"
152,93 96 93 91 89 87 84 79,0,"Val direction switches, 93,96,93"
153,53 55 52 50 48 46 47 44,0,"Val direction switches, 53,55,52"
154,57 60 57 56 53 52 54 57,0,"Val direction switches, 57,60,57"
155,59 60 57 58 56 56,0,"Val direction switches, 59,60,57"
156,61 64 62 59 62 58,0,"Val direction switches, 61,64,62"
157,36 39 38 41 39 38 33,0,"Val direction switches, 36,39,38"
158,13 14 14 13 12 11,0,Val diff for 14 and 14 is not amenable
159,76 77 74 74 77,0,"Val direction switches, 76,77,74"
160,8 10 10 9 6 6,0,Val diff for 10 and 10 is not amenable
161,55 57 57 55 53 49,0,Val diff for 57 and 57 is not amenable
162,51 53 52 52 50 47 40,0,"Val direction switches, 51,53,52"
163,18 21 19 15 12,0,"Val direction switches, 18,21,19"
164,83 84 82 78 76 75 73 76,0,"Val direction switches, 83,84,82"
165,35 38 34 31 31,0,Val diff for 38 and 34 is not amenable
166,57 60 58 54 51 48 44,0,"Val direction switches, 57,60,58"
167,27 30 29 25 23 21 16,0,"Val direction switches, 27,30,29"
168,12 15 9 7 6 5,0,Val diff for 15 and 9 is not amenable
169,20 23 20 15 13 10 9 11,0,"Val direction switches, 20,23,20"
170,21 22 20 17 12 10 8 8,0,"Val direction switches, 21,22,20"
171,59 60 57 51 49 46 42,0,"Val direction switches, 59,60,57"
172,22 24 22 16 14 12 5,0,"Val direction switches, 22,24,22"
173,71 71 69 68 67 66 64,0,Val diff for 71 and 71 is not amenable
174,90 90 88 86 85 87,0,Val diff for 90 and 90 is not amenable
175,77 77 76 73 71 71,0,Val diff for 77 and 77 is not amenable
176,9 9 7 6 2,0,Val diff for 9 and 9 is not amenable
177,91 91 90 88 86 84 83 77,0,Val diff for 91 and 91 is not amenable
178,27 27 24 26 25 24 22,0,Val diff for 27 and 27 is not amenable
179,55 55 56 54 53 54,0,Val diff for 55 and 55 is not amenable
180,84 84 81 83 81 78 75 75,0,Val diff for 84 and 84 is not amenable
181,60 60 58 55 56 53 50 46,0,Val diff for 60 and 60 is not amenable
182,61 61 63 60 57 56 51,0,Val diff for 61 and 61 is not amenable
183,59 59 58 57 57 54,0,Val diff for 59 and 59 is not amenable
184,34 34 32 31 31 29 30,0,Val diff for 34 and 34 is not amenable
185,33 33 30 30 30,0,Val diff for 33 and 33 is not amenable
186,62 62 59 56 56 52,0,Val diff for 62 and 62 is not amenable
187,24 24 24 23 16,0,Val diff for 24 and 24 is not amenable
188,14 14 13 9 8 6,0,Val diff for 14 and 14 is not amenable
189,20 20 19 16 15 11 10 11,0,Val diff for 20 and 20 is not amenable
190,96 96 92 91 90 89 89,0,Val diff for 96 and 96 is not amenable
191,93 93 89 87 84 82 81 77,0,Val diff for 93 and 93 is not amenable
192,62 62 60 56 50,0,Val diff for 62 and 62 is not amenable
193,72 72 69 62 60,0,Val diff for 72 and 72 is not amenable
194,76 76 69 66 65 68,0,Val diff for 76 and 76 is not amenable
195,96 96 89 87 87,0,Val diff for 96 and 96 is not amenable
196,65 65 63 56 55 51,0,Val diff for 65 and 65 is not amenable
197,76 76 75 68 61,0,Val diff for 76 and 76 is not amenable
198,63 59 56 53 52,0,Val diff for 63 and 59 is not amenable
199,75 71 70 68 66 67,0,Val diff for 75 and 71 is not amenable
200,79 75 72 70 70,0,Val diff for 79 and 75 is not amenable
201,99 95 93 90 86,0,Val diff for 99 and 95 is not amenable
202,70 66 65 63 60 54,0,Val diff for 70 and 66 is not amenable
203,6 2 1 4 1,0,Val diff for 6 and 2 is not amenable
204,30 26 28 27 28,0,Val diff for 30 and 26 is not amenable
205,64 60 57 55 57 56 56,0,Val diff for 64 and 60 is not amenable
206,65 61 60 59 58 57 58 54,0,Val diff for 65 and 61 is not amenable
207,67 63 62 61 59 56 57 52,0,Val diff for 67 and 63 is not amenable
208,93 89 88 85 85 82,0,Val diff for 93 and 89 is not amenable
209,39 35 32 29 27 27 28,0,Val diff for 39 and 35 is not amenable
210,96 92 92 89 88 85 85,0,Val diff for 96 and 92 is not amenable
211,71 67 67 65 63 61 58 54,0,Val diff for 71 and 67 is not amenable
212,46 42 41 40 37 37 32,0,Val diff for 46 and 42 is not amenable
213,68 64 63 59 58 55,0,Val diff for 68 and 64 is not amenable
214,41 37 34 30 33,0,Val diff for 41 and 37 is not amenable
215,71 67 63 62 60 58 58,0,Val diff for 71 and 67 is not amenable
216,45 41 39 35 34 31 27,0,Val diff for 45 and 41 is not amenable
217,78 74 72 69 66 62 56,0,Val diff for 78 and 74 is not amenable
218,62 58 57 55 52 47 45 42,0,Val diff for 62 and 58 is not amenable
219,89 85 82 76 75 72 71 74,0,Val diff for 89 and 85 is not amenable
220,69 65 64 61 56 53 51 51,0,Val diff for 69 and 65 is not amenable
221,73 69 64 62 58,0,Val diff for 73 and 69 is not amenable
222,32 28 21 20 19 18 16 9,0,Val diff for 32 and 28 is not amenable
223,94 89 87 85 83 82 79 78,0,Val diff for 94 and 89 is not amenable
224,91 84 82 81 84,0,Val diff for 91 and 84 is not amenable
225,41 36 33 31 30 27 27,0,Val diff for 41 and 36 is not amenable
226,56 51 48 46 44 41 38 34,0,Val diff for 56 and 51 is not amenable
227,85 78 77 75 72 70 68 62,0,Val diff for 85 and 78 is not amenable
228,85 80 79 80 78 76 75,0,Val diff for 85 and 80 is not amenable
229,30 25 27 26 29,0,Val diff for 30 and 25 is not amenable
230,37 32 35 33 33,0,Val diff for 37 and 32 is not amenable
231,79 74 72 73 69,0,Val diff for 79 and 74 is not amenable
232,80 75 72 71 72 70 69 64,0,Val diff for 80 and 75 is not amenable
233,62 57 55 55 53 51 48 45,0,Val diff for 62 and 57 is not amenable
234,53 47 45 44 44 41 40 42,0,Val diff for 53 and 47 is not amenable
235,40 33 31 28 28 28,0,Val diff for 40 and 33 is not amenable
236,90 85 84 83 82 82 78,0,Val diff for 90 and 85 is not amenable
237,95 88 85 85 84 83 82 76,0,Val diff for 95 and 88 is not amenable
238,37 30 28 24 23 20 19 17,0,Val diff for 37 and 30 is not amenable
239,24 19 15 14 16,0,Val diff for 24 and 19 is not amenable
240,24 19 16 14 11 7 7,0,Val diff for 24 and 19 is not amenable
241,62 55 52 51 49 45 44 40,0,Val diff for 62 and 55 is not amenable
242,49 43 39 38 33,0,Val diff for 49 and 43 is not amenable
243,88 81 78 73 71,0,Val diff for 88 and 81 is not amenable
244,64 59 56 51 49 51,0,Val diff for 64 and 59 is not amenable
245,19 14 11 6 6,0,Val diff for 19 and 14 is not amenable
246,41 34 29 28 24,0,Val diff for 41 and 34 is not amenable
247,44 39 36 33 30 23 17,0,Val diff for 44 and 39 is not amenable
248,40 41 44 47 48 50 51 48,0,"Val direction switches, 50,51,48"
249,57 59 61 64 64,0,Val diff for 64 and 64 is not amenable
250,58 60 61 62 66,0,Val diff for 62 and 66 is not amenable
251,79 82 84 86 92,0,Val diff for 86 and 92 is not amenable
252,7 9 7 8 9 10 11,0,"Val direction switches, 7,9,7"
253,30 32 35 38 41 38 40 38,0,"Val direction switches, 38,41,38"
254,39 40 41 43 42 42,0,"Val direction switches, 41,43,42"
255,76 77 79 77 79 83,0,"Val direction switches, 77,79,77"
256,16 19 17 19 25,0,"Val direction switches, 16,19,17"
257,79 82 83 83 84 86 87 90,0,Val diff for 83 and 83 is not amenable
258,21 24 24 26 29 31 32 30,0,Val diff for 24 and 24 is not amenable
259,28 31 32 35 37 37 39 39,0,Val diff for 37 and 37 is not amenable
260,58 61 61 63 66 67 71,0,Val diff for 61 and 61 is not amenable
261,9 10 13 13 19,0,Val diff for 13 and 13 is not amenable
262,51 53 57 59 60 61 64,0,Val diff for 53 and 57 is not amenable
263,80 82 84 88 90 88,0,Val diff for 84 and 88 is not amenable
264,86 89 93 95 96 98 98,0,Val diff for 89 and 93 is not amenable
265,72 74 76 80 81 85,0,Val diff for 76 and 80 is not amenable
266,76 79 83 85 88 90 96,0,Val diff for 79 and 83 is not amenable
267,76 79 85 88 91 94 97,0,Val diff for 79 and 85 is not amenable
268,79 80 87 89 91 92 89,0,Val diff for 80 and 87 is not amenable
269,86 87 90 95 95,0,Val diff for 90 and 95 is not amenable
270,37 39 41 47 51,0,Val diff for 41 and 47 is not amenable
271,29 30 32 37 40 46,0,Val diff for 32 and 37 is not amenable
272,57 54 57 58 59 61 63 66,0,"Val direction switches, 57,54,57"
273,63 60 61 64 63,0,"Val direction switches, 63,60,61"
274,62 59 60 61 64 64,0,"Val direction switches, 62,59,60"
275,47 45 46 49 53,0,"Val direction switches, 47,45,46"
276,6 4 6 7 8 9 14,0,"Val direction switches, 6,4,6"
277,35 32 33 36 38 35 38,0,"Val direction switches, 35,32,33"
278,7 4 5 7 8 9 7 5,0,"Val direction switches, 7,4,5"
279,51 49 52 54 55 52 53 53,0,"Val direction switches, 51,49,52"
280,48 47 49 50 49 52 56,0,"Val direction switches, 48,47,49"
281,17 16 19 17 18 21 26,0,"Val direction switches, 17,16,19"
282,93 92 92 93 95 96 97,0,Val diff for 92 and 92 is not amenable
283,14 12 15 15 18 16,0,"Val direction switches, 14,12,15"
284,11 10 10 13 13,0,Val diff for 10 and 10 is not amenable
285,91 90 90 93 94 95 99,0,Val diff for 90 and 90 is not amenable
286,72 71 72 72 73 78,0,"Val direction switches, 72,71,72"
287,35 34 37 40 44 47 48,0,"Val direction switches, 35,34,37"
288,26 24 27 28 31 32 36 33,0,"Val direction switches, 26,24,27"
289,31 29 33 34 34,0,Val diff for 29 and 33 is not amenable
290,79 76 80 82 86,0,Val diff for 76 and 80 is not amenable
291,54 53 57 60 63 66 69 76,0,Val diff for 53 and 57 is not amenable
292,76 74 79 82 83 86 88 89,0,Val diff for 74 and 79 is not amenable
293,42 41 46 47 50 49,0,Val diff for 41 and 46 is not amenable
294,20 18 21 23 24 27 33 33,0,"Val direction switches, 20,18,21"
295,51 50 52 54 59 63,0,"Val direction switches, 51,50,52"
296,11 9 12 15 20 23 24 29,0,"Val direction switches, 11,9,12"
297,57 57 58 61 62 63,0,Val diff for 57 and 57 is not amenable
298,53 53 56 58 60 61 58,0,Val diff for 53 and 53 is not amenable
299,25 25 27 29 31 33 34 34,0,Val diff for 25 and 25 is not amenable
300,70 70 71 72 74 76 79 83,0,Val diff for 70 and 70 is not amenable
301,70 70 73 76 79 82 83 90,0,Val diff for 70 and 70 is not amenable
302,6 6 8 7 8,0,Val diff for 6 and 6 is not amenable
303,24 24 26 29 28 30 33 31,0,Val diff for 24 and 24 is not amenable
304,66 66 67 66 67 67,0,Val diff for 66 and 66 is not amenable
305,91 91 92 90 94,0,Val diff for 91 and 91 is not amenable
306,92 92 95 92 94 99,0,Val diff for 92 and 92 is not amenable
307,58 58 60 62 64 67 67 68,0,Val diff for 58 and 58 is not amenable
308,86 86 89 89 86,0,Val diff for 86 and 86 is not amenable
309,16 16 17 17 18 21 22 22,0,Val diff for 16 and 16 is not amenable
310,46 46 47 48 48 52,0,Val diff for 46 and 46 is not amenable
311,87 87 89 92 92 99,0,Val diff for 87 and 87 is not amenable
312,1 1 4 7 10 11 15 17,0,Val diff for 1 and 1 is not amenable
313,73 73 74 75 79 81 80,0,Val diff for 73 and 73 is not amenable
314,84 84 87 91 91,0,Val diff for 84 and 84 is not amenable
315,74 74 76 80 84,0,Val diff for 74 and 74 is not amenable
316,50 50 53 57 59 65,0,Val diff for 50 and 50 is not amenable
317,74 74 80 81 84,0,Val diff for 74 and 74 is not amenable
318,11 11 13 15 21 20,0,Val diff for 11 and 11 is not amenable
319,47 47 54 55 55,0,Val diff for 47 and 47 is not amenable
320,57 57 58 60 62 68 69 73,0,Val diff for 57 and 57 is not amenable
321,41 41 48 51 56,0,Val diff for 41 and 41 is not amenable
322,16 20 21 24 27,0,Val diff for 16 and 20 is not amenable
323,14 18 19 22 25 23,0,Val diff for 14 and 18 is not amenable
324,84 88 89 90 93 93,0,Val diff for 84 and 88 is not amenable
325,59 63 65 68 69 72 75 79,0,Val diff for 59 and 63 is not amenable
326,19 23 26 29 32 37,0,Val diff for 19 and 23 is not amenable
327,24 28 31 30 33 35,0,Val diff for 24 and 28 is not amenable
328,70 74 76 79 77 75,0,Val diff for 70 and 74 is not amenable
329,66 70 73 74 72 75 75,0,Val diff for 66 and 70 is not amenable
330,56 60 61 59 62 63 67,0,Val diff for 56 and 60 is not amenable
331,21 25 26 24 31,0,Val diff for 21 and 25 is not amenable
332,27 31 33 33 34,0,Val diff for 27 and 31 is not amenable
333,2 6 6 7 6,0,Val diff for 2 and 6 is not amenable
334,83 87 88 88 90 93 93,0,Val diff for 83 and 87 is not amenable
335,75 79 82 82 83 84 88,0,Val diff for 75 and 79 is not amenable
336,34 38 40 40 43 46 52,0,Val diff for 34 and 38 is not amenable
337,64 68 72 75 76,0,Val diff for 64 and 68 is not amenable
338,72 76 80 81 78,0,Val diff for 72 and 76 is not amenable
339,79 83 87 89 89,0,Val diff for 79 and 83 is not amenable
340,12 16 20 22 23 24 26 30,0,Val diff for 12 and 16 is not amenable
341,36 40 42 46 53,0,Val diff for 36 and 40 is not amenable
342,24 28 35 38 40,0,Val diff for 24 and 28 is not amenable
343,7 11 13 19 21 22 21,0,Val diff for 7 and 11 is not amenable
344,35 39 41 43 50 50,0,Val diff for 35 and 39 is not amenable
345,63 67 70 77 81,0,Val diff for 63 and 67 is not amenable
346,66 70 71 77 79 85,0,Val diff for 66 and 70 is not amenable
347,61 66 69 72 75,0,Val diff for 61 and 66 is not amenable
348,71 77 78 81 80,0,Val diff for 71 and 77 is not amenable
349,70 76 77 78 80 81 81,0,Val diff for 70 and 76 is not amenable
350,25 32 33 35 36 40,0,Val diff for 25 and 32 is not amenable
351,32 39 41 44 45 50,0,Val diff for 32 and 39 is not amenable
352,36 41 42 39 42 43 44 46,0,Val diff for 36 and 41 is not amenable
353,8 14 17 14 12,0,Val diff for 8 and 14 is not amenable
354,79 85 86 84 85 85,0,Val diff for 79 and 85 is not amenable
355,20 27 29 27 31,0,Val diff for 20 and 27 is not amenable
356,60 66 64 67 73,0,Val diff for 60 and 66 is not amenable
357,31 37 37 38 40 43,0,Val diff for 31 and 37 is not amenable
358,27 33 34 36 36 37 36,0,Val diff for 27 and 33 is not amenable
359,17 22 24 24 24,0,Val diff for 17 and 22 is not amenable
360,76 83 84 84 88,0,Val diff for 76 and 83 is not amenable
361,72 78 79 81 82 82 87,0,Val diff for 72 and 78 is not amenable
362,10 16 18 22 24 27,0,Val diff for 10 and 16 is not amenable
363,77 82 84 88 90 91 93 90,0,Val diff for 77 and 82 is not amenable
364,33 39 41 45 47 49 52 52,0,Val diff for 33 and 39 is not amenable
365,67 74 78 81 85,0,Val diff for 67 and 74 is not amenable
366,25 32 36 38 41 43 49,0,Val diff for 25 and 32 is not amenable
367,44 50 52 54 59 61,0,Val diff for 44 and 50 is not amenable
368,13 20 23 26 29 31 37 35,0,Val diff for 13 and 20 is not amenable
369,45 50 57 60 60,0,Val diff for 45 and 50 is not amenable
370,66 72 73 80 84,0,Val diff for 66 and 72 is not amenable
371,18 24 27 30 32 37 42,0,Val diff for 18 and 24 is not amenable
372,81 79 76 75 78,0,"Val direction switches, 76,75,78"
373,7 5 3 2 1 1,0,Val diff for 1 and 1 is not amenable
374,55 54 51 50 49 45,0,Val diff for 49 and 45 is not amenable
375,45 44 41 38 35 30,0,Val diff for 35 and 30 is not amenable
376,79 76 73 72 74 71,0,"Val direction switches, 73,72,74"
377,94 92 94 91 90 93,0,"Val direction switches, 94,92,94"
378,30 28 27 26 29 26 26,0,"Val direction switches, 27,26,29"
379,97 94 95 92 89 86 83 79,0,"Val direction switches, 97,94,95"
380,21 20 22 19 13,0,"Val direction switches, 21,20,22"
381,96 94 94 91 90,0,Val diff for 94 and 94 is not amenable
382,81 78 76 76 74 76,0,Val diff for 76 and 76 is not amenable
383,38 35 33 33 33,0,Val diff for 33 and 33 is not amenable
384,58 56 56 53 52 48,0,Val diff for 56 and 56 is not amenable
385,57 55 53 51 51 49 48 43,0,Val diff for 51 and 51 is not amenable
386,76 74 73 70 68 64 61,0,Val diff for 68 and 64 is not amenable
387,25 22 18 16 19,0,Val diff for 22 and 18 is not amenable
388,17 14 10 7 5 3 3,0,Val diff for 14 and 10 is not amenable
389,41 40 38 34 33 30 26,0,Val diff for 38 and 34 is not amenable
390,99 97 96 95 94 91 87 82,0,Val diff for 91 and 87 is not amenable
391,95 92 85 82 81 78 77 76,0,Val diff for 92 and 85 is not amenable
392,69 67 61 58 56 59,0,Val diff for 67 and 61 is not amenable
393,57 54 53 48 45 44 43 43,0,Val diff for 53 and 48 is not amenable
394,86 85 82 79 73 72 68,0,Val diff for 79 and 73 is not amenable
395,88 85 78 76 74 67,0,Val diff for 85 and 78 is not amenable
396,69 71 68 66 65 62 60 58,0,"Val direction switches, 69,71,68"
397,48 50 49 47 44 41 42,0,"Val direction switches, 48,50,49"
398,17 20 17 14 11 10 9 9,0,"Val direction switches, 17,20,17"
399,79 80 77 75 72 70 66,0,"Val direction switches, 79,80,77"
400,16 18 17 15 13 12 10 3,0,"Val direction switches, 16,18,17"
401,67 69 67 66 68 65 62 60,0,"Val direction switches, 67,69,67"
402,69 71 68 67 68 70,0,"Val direction switches, 69,71,68"
403,20 22 23 20 19 19,0,"Val direction switches, 22,23,20"
404,32 34 33 35 31,0,"Val direction switches, 32,34,33"
405,85 88 87 86 85 86 85 80,0,"Val direction switches, 85,88,87"
406,14 15 15 13 12,0,Val diff for 15 and 15 is not amenable
407,29 31 30 30 27 24 27,0,"Val direction switches, 29,31,30"
408,68 69 69 67 64 64,0,Val diff for 69 and 69 is not amenable
409,92 93 93 90 86,0,Val diff for 93 and 93 is not amenable
410,56 57 54 54 51 46,0,"Val direction switches, 56,57,54"
411,21 22 18 15 14,0,Val diff for 22 and 18 is not amenable
412,30 31 30 27 25 21 22,0,"Val direction switches, 30,31,30"
413,60 61 58 56 55 51 51,0,"Val direction switches, 60,61,58"
414,27 28 24 23 20 18 14,0,Val diff for 28 and 24 is not amenable
415,95 97 95 92 90 86 83 77,0,"Val direction switches, 95,97,95"
416,67 70 63 62 60 57 55 52,0,Val diff for 70 and 63 is not amenable
417,32 34 28 25 28,0,Val diff for 34 and 28 is not amenable
418,31 32 26 25 25,0,Val diff for 32 and 26 is not amenable
419,28 31 29 22 20 16,0,"Val direction switches, 28,31,29"
420,13 15 14 9 3,0,"Val direction switches, 13,15,14"
421,68 68 65 64 61 59 56,0,Val diff for 68 and 68 is not amenable
422,39 39 36 33 35,0,Val diff for 39 and 39 is not amenable
423,29 29 26 23 23,0,Val diff for 29 and 29 is not amenable
424,72 72 70 69 65,0,Val diff for 72 and 72 is not amenable
425,15 15 12 11 8 7 6 1,0,Val diff for 15 and 15 is not amenable
426,43 43 41 42 39 38 35 34,0,Val diff for 43 and 43 is not amenable
427,52 52 49 46 47 45 47,0,Val diff for 52 and 52 is not amenable
428,39 39 41 40 40,0,Val diff for 39 and 39 is not amenable
429,28 28 26 27 23,0,Val diff for 28 and 28 is not amenable
430,36 36 35 33 32 35 28,0,Val diff for 36 and 36 is not amenable
431,19 19 19 16 15,0,Val diff for 19 and 19 is not amenable
432,20 20 19 17 15 15 16,0,Val diff for 20 and 20 is not amenable
433,51 51 49 49 49,0,Val diff for 51 and 51 is not amenable
434,65 65 63 60 60 56,0,Val diff for 65 and 65 is not amenable
435,90 90 88 86 86 81,0,Val diff for 90 and 90 is not amenable
436,68 68 65 61 58 55,0,Val diff for 68 and 68 is not amenable
437,34 34 32 28 25 22 25,0,Val diff for 34 and 34 is not amenable
438,88 88 85 81 79 78 78,0,Val diff for 88 and 88 is not amenable
439,26 26 24 23 20 16 13 9,0,Val diff for 26 and 26 is not amenable
440,98 98 95 91 88 85 82 77,0,Val diff for 98 and 98 is not amenable
441,29 29 26 19 16 15 14,0,Val diff for 29 and 29 is not amenable
442,96 96 94 93 87 88,0,Val diff for 96 and 96 is not amenable
443,62 62 57 54 54,0,Val diff for 62 and 62 is not amenable
444,72 72 66 63 59,0,Val diff for 72 and 72 is not amenable
445,45 45 44 41 36 35 32 25,0,Val diff for 45 and 45 is not amenable
446,38 34 33 30 27 25 22 21,0,Val diff for 38 and 34 is not amenable
447,74 70 67 64 62 61 60 62,0,Val diff for 74 and 70 is not amenable
448,51 47 46 43 43,0,Val diff for 51 and 47 is not amenable
449,62 58 55 52 48,0,Val diff for 62 and 58 is not amenable
450,20 16 13 10 5,0,Val diff for 20 and 16 is not amenable
451,57 53 51 53 52 51,0,Val diff for 57 and 53 is not amenable
452,99 95 93 90 92 91 94,0,Val diff for 99 and 95 is not amenable
453,23 19 18 15 14 15 15,0,Val diff for 23 and 19 is not amenable
454,62 58 59 58 55 51,0,Val diff for 62 and 58 is not amenable
455,59 55 54 55 54 51 44,0,Val diff for 59 and 55 is not amenable
456,95 91 89 87 87 86 85,0,Val diff for 95 and 91 is not amenable
457,31 27 26 24 24 22 25,0,Val diff for 31 and 27 is not amenable
458,27 23 22 19 19 18 16 16,0,Val diff for 27 and 23 is not amenable
459,96 92 92 89 85,0,Val diff for 96 and 92 is not amenable
460,26 22 22 20 18 13,0,Val diff for 26 and 22 is not amenable
461,27 23 19 17 16 14,0,Val diff for 27 and 23 is not amenable
462,90 86 83 82 80 76 77,0,Val diff for 90 and 86 is not amenable
463,86 82 80 79 77 74 70 70,0,Val diff for 86 and 82 is not amenable
464,20 16 12 11 10 6,0,Val diff for 20 and 16 is not amenable
465,97 93 92 88 82,0,Val diff for 97 and 93 is not amenable
466,75 71 68 66 65 64 57 54,0,Val diff for 75 and 71 is not amenable
467,88 84 77 76 73 72 75,0,Val diff for 88 and 84 is not amenable
468,37 33 32 30 25 25,0,Val diff for 37 and 33 is not amenable
469,61 57 54 47 43,0,Val diff for 61 and 57 is not amenable
470,65 61 59 54 53 46,0,Val diff for 65 and 61 is not amenable
471,54 47 44 42 40 38,0,Val diff for 54 and 47 is not amenable
472,88 81 79 78 81,0,Val diff for 88 and 81 is not amenable
473,60 55 52 50 49 48 48,0,Val diff for 60 and 55 is not amenable
474,86 81 79 76 73 71 68 64,0,Val diff for 86 and 81 is not amenable
475,38 32 31 29 27 25 18,0,Val diff for 38 and 32 is not amenable
476,80 75 73 76 75 73 71,0,Val diff for 80 and 75 is not amenable
477,34 27 29 28 27 24 23 25,0,Val diff for 34 and 27 is not amenable
478,97 92 89 92 92,0,Val diff for 97 and 92 is not amenable
479,57 51 52 50 49 48 44,0,Val diff for 57 and 51 is not amenable
480,27 22 20 18 21 18 12,0,Val diff for 27 and 22 is not amenable
481,85 80 77 77 74 71 69 66,0,Val diff for 85 and 80 is not amenable
482,26 20 18 16 16 19,0,Val diff for 26 and 20 is not amenable
483,82 76 74 73 71 70 70 70,0,Val diff for 82 and 76 is not amenable
484,93 87 85 84 82 81 81 77,0,Val diff for 93 and 87 is not amenable
485,96 89 87 85 85 84 79,0,Val diff for 96 and 89 is not amenable
486,34 27 23 21 19 17,0,Val diff for 34 and 27 is not amenable
487,30 25 23 19 18 20,0,Val diff for 30 and 25 is not amenable
488,57 51 50 46 43 42 42,0,Val diff for 57 and 51 is not amenable
489,31 26 25 21 18 17 14 10,0,Val diff for 31 and 26 is not amenable
490,51 45 41 40 39 36 30,0,Val diff for 51 and 45 is not amenable
491,45 39 37 35 29 28 27,0,Val diff for 45 and 39 is not amenable
492,78 72 70 67 65 60 61,0,Val diff for 78 and 72 is not amenable
493,78 73 68 67 65 62 62,0,Val diff for 78 and 73 is not amenable
494,95 89 86 84 78 74,0,Val diff for 95 and 89 is not amenable
495,75 68 65 60 58 52,0,Val diff for 75 and 68 is not amenable
496,71 71 74 72 74 77 79 84,0,Val diff for 71 and 71 is not amenable
497,22 19 21 22 22 24 25 30,0,"Val direction switches, 22,19,21"
498,10 7 8 8 7,0,"Val direction switches, 10,7,8"
499,78 76 77 76 78 81,0,"Val direction switches, 78,76,77"
500,44 42 44 46 49 47,0,"Val direction switches, 44,42,44"
501,2 2 3 6 8 12 14 14,0,Val diff for 2 and 2 is not amenable
502,12 12 14 16 22 25 28 25,0,Val diff for 12 and 12 is not amenable
503,29 34 35 38 40 41 41 44,0,Val diff for 29 and 34 is not amenable
504,28 25 23 21 18 17 19,0,"Val direction switches, 18,17,19"
505,66 60 59 56 55 57 57,0,Val diff for 66 and 60 is not amenable
506,55 55 52 51 51 49,0,Val diff for 55 and 55 is not amenable
507,32 28 27 26 22,0,Val diff for 32 and 28 is not amenable
508,81 79 76 73 71 71 67,0,Val diff for 71 and 71 is not amenable
509,94 92 91 88 84 83 80 83,0,Val diff for 88 and 84 is not amenable
510,86 84 82 81 80 79 76 76,0,Val diff for 76 and 76 is not amenable
511,66 60 58 55 51 49 49,0,Val diff for 66 and 60 is not amenable
512,91 95 96 96 97 96,0,Val diff for 91 and 95 is not amenable
513,37 33 28 26 22,0,Val diff for 37 and 33 is not amenable
514,26 25 24 23 20 16 15 15,0,Val diff for 20 and 16 is not amenable
515,41 41 43 45 47 49 49,0,Val diff for 41 and 41 is not amenable
516,55 57 56 54 50 47 44 40,0,"Val direction switches, 55,57,56"
517,34 32 31 29 26 20 18 12,0,Val diff for 26 and 20 is not amenable
518,39 38 41 44 46,0,"Val direction switches, 39,38,41"
519,51 47 46 44 43 43,0,Val diff for 51 and 47 is not amenable
520,64 70 73 77 80 83,0,Val diff for 64 and 70 is not amenable
521,46 48 54 56 59 61 64 67,0,Val diff for 48 and 54 is not amenable
522,20 23 20 22 25 29,0,"Val direction switches, 20,23,20"
523,46 52 53 54 58 59 62 68,0,Val diff for 46 and 52 is not amenable
524,14 21 21 23 25 25,0,Val diff for 14 and 21 is not amenable
525,57 57 57 56 53 53,0,Val diff for 57 and 57 is not amenable
526,34 27 25 22 17 15 12 15,0,Val diff for 34 and 27 is not amenable
527,22 26 28 29 30 31 36,0,Val diff for 22 and 26 is not amenable
528,76 80 82 84 88 92,0,Val diff for 76 and 80 is not amenable
529,49 50 54 57 56,0,Val diff for 50 and 54 is not amenable
530,27 28 35 37 41,0,Val diff for 28 and 35 is not amenable
531,70 72 71 64 63,0,"Val direction switches, 70,72,71"
532,13 13 12 11 11 10 5,0,Val diff for 13 and 13 is not amenable
533,91 87 83 81 82,0,Val diff for 91 and 87 is not amenable
534,21 19 20 21 24 26 26,0,"Val direction switches, 21,19,20"
535,78 73 76 73 70,0,Val diff for 78 and 73 is not amenable
536,33 29 25 22 21 17,0,Val diff for 33 and 29 is not amenable
537,1 5 7 10 12 13 10,0,Val diff for 1 and 5 is not amenable
538,2 5 6 5 5,0,"Val direction switches, 5,6,5"
539,16 18 17 16 13 13,0,"Val direction switches, 16,18,17"
540,62 66 69 71 69 69,0,Val diff for 62 and 66 is not amenable
541,43 36 34 31 29 26 20 20,0,Val diff for 43 and 36 is not amenable
542,83 79 77 74 71 71 67,0,Val diff for 83 and 79 is not amenable
543,58 62 66 69 72 74,0,Val diff for 58 and 62 is not amenable
544,64 60 58 56 49,0,Val diff for 64 and 60 is not amenable
545,56 57 54 55 55,0,"Val direction switches, 56,57,54"
546,31 31 35 36 38 41 44,0,Val diff for 31 and 31 is not amenable
547,42 36 35 33 30 30 26,0,Val diff for 42 and 36 is not amenable
548,44 45 42 40 34 30,0,"Val direction switches, 44,45,42"
549,99 96 93 90 88 86 81 83,0,Val diff for 86 and 81 is not amenable
550,18 22 25 27 29 30 32 36,0,Val diff for 18 and 22 is not amenable
551,79 79 78 75 71 70 67 62,0,Val diff for 79 and 79 is not amenable
552,36 39 36 38 40 47,0,"Val direction switches, 36,39,36"
553,92 89 91 94 91 92 95 92,0,"Val direction switches, 92,89,91"
554,16 21 23 30 28,0,Val diff for 16 and 21 is not amenable
555,85 86 83 80 79 76 75 70,0,"Val direction switches, 85,86,83"
556,84 83 85 86 87 91 90,0,"Val direction switches, 84,83,85"
557,7 9 11 14 16 20 24,0,Val diff for 16 and 20 is not amenable
558,40 44 47 51 56,0,Val diff for 40 and 44 is not amenable
559,60 63 66 68 71 71 75,0,Val diff for 71 and 71 is not amenable
560,31 35 38 36 33,0,Val diff for 31 and 35 is not amenable
561,24 24 27 31 33 31,0,Val diff for 24 and 24 is not amenable
562,16 12 11 9 9 9,0,Val diff for 16 and 12 is not amenable
563,24 24 23 21 18 13,0,Val diff for 24 and 24 is not amenable
564,64 58 56 55 52 48 44,0,Val diff for 64 and 58 is not amenable
565,50 48 51 53 55 55 57 61,0,"Val direction switches, 50,48,51"
566,34 37 35 33 33 30,0,"Val direction switches, 34,37,35"
567,97 97 98 98 98,0,Val diff for 97 and 97 is not amenable
568,48 48 44 43 42 40 39 36,0,Val diff for 48 and 48 is not amenable
569,96 95 95 96 96,0,Val diff for 95 and 95 is not amenable
570,7 11 14 15 15 16 16,0,Val diff for 7 and 11 is not amenable
571,82 88 91 92 92,0,Val diff for 82 and 88 is not amenable
572,31 32 35 34 36 37,0,"Val direction switches, 32,35,34"
573,33 33 31 30 27 26 19 13,0,Val diff for 33 and 33 is not amenable
574,13 15 17 18 25 30,0,Val diff for 18 and 25 is not amenable
575,86 88 86 83 82 78 76 76,0,"Val direction switches, 86,88,86"
576,49 49 48 46 40 38 39,0,Val diff for 49 and 49 is not amenable
577,89 82 81 78 77 70,0,Val diff for 89 and 82 is not amenable
578,58 61 59 56 54 56 53 56,0,"Val direction switches, 58,61,59"
579,38 35 42 43 44,0,Val diff for 35 and 42 is not amenable
580,22 27 28 34 37 37,0,Val diff for 22 and 27 is not amenable
581,47 44 44 43 41 38 39,0,Val diff for 44 and 44 is not amenable
582,45 43 46 52 50,0,"Val direction switches, 45,43,46"
583,44 40 38 36 32 25,0,Val diff for 44 and 40 is not amenable
584,99 99 96 94 91 90 87 83,0,Val diff for 99 and 99 is not amenable
585,61 54 51 54 51 50 46,0,Val diff for 61 and 54 is not amenable
586,75 82 83 84 85 88 90 97,0,Val diff for 75 and 82 is not amenable
587,20 26 28 28 32,0,Val diff for 20 and 26 is not amenable
588,6 6 11 12 15 21,0,Val diff for 6 and 6 is not amenable
589,88 82 82 81 78,0,Val diff for 88 and 82 is not amenable
590,69 66 64 64 63 60,0,Val diff for 64 and 64 is not amenable
591,2 5 7 6 4,0,"Val direction switches, 5,7,6"
592,69 64 62 60 60 62,0,Val diff for 69 and 64 is not amenable
593,19 23 23 25 30,0,Val diff for 19 and 23 is not amenable
594,12 18 19 21 23 27,0,Val diff for 12 and 18 is not amenable
595,67 63 65 64 66,0,Val diff for 67 and 63 is not amenable
596,45 52 55 58 60 65 68 71,0,Val diff for 45 and 52 is not amenable
597,54 49 48 45 41,0,Val diff for 54 and 49 is not amenable
598,80 80 83 82 84 88,0,Val diff for 80 and 80 is not amenable
599,91 90 90 89 86 86,0,Val diff for 90 and 90 is not amenable
600,54 57 61 64 67 74,0,Val diff for 57 and 61 is not amenable
601,50 53 54 56 59 60 66,0,Val diff for 60 and 66 is not amenable
602,16 20 22 28 35,0,Val diff for 16 and 20 is not amenable
603,82 84 84 87 88,0,Val diff for 84 and 84 is not amenable
604,19 15 12 9 12,0,Val diff for 19 and 15 is not amenable
605,3 9 11 12 13 15,0,Val diff for 3 and 9 is not amenable
606,55 53 57 60 60,0,Val diff for 53 and 57 is not amenable
607,55 52 55 52 54 55 56 62,0,"Val direction switches, 55,52,55"
608,66 63 66 69 72 74 76 83,0,"Val direction switches, 66,63,66"
609,68 70 73 76 79 79,0,Val diff for 79 and 79 is not amenable
610,74 76 77 78 80 82 79,0,"Val direction switches, 80,82,79"
611,93 89 86 84 81 81 80 83,0,Val diff for 93 and 89 is not amenable
612,18 18 17 15 8 6 2,0,Val diff for 18 and 18 is not amenable
613,42 49 50 51 51 53 50,0,Val diff for 42 and 49 is not amenable
614,1 5 6 3 5 8,0,Val diff for 1 and 5 is not amenable
615,46 46 45 41 37,0,Val diff for 46 and 46 is not amenable
616,54 54 55 56 61 65,0,Val diff for 54 and 54 is not amenable
617,57 57 55 56 53,0,Val diff for 57 and 57 is not amenable
618,28 28 26 24 26 23 25,0,Val diff for 28 and 28 is not amenable
619,87 87 90 89 89,0,Val diff for 87 and 87 is not amenable
620,67 71 71 73 74 78,0,Val diff for 67 and 71 is not amenable
621,37 33 30 29 26 23 20,0,Val diff for 37 and 33 is not amenable
622,69 65 63 58 57 54 52,0,Val diff for 69 and 65 is not amenable
623,28 25 24 22 24 21 20 17,0,"Val direction switches, 24,22,24"
624,72 75 73 72 72 72,0,"Val direction switches, 72,75,73"
625,66 66 64 66 64 63 59,0,Val diff for 66 and 66 is not amenable
626,94 95 93 91 93,0,"Val direction switches, 94,95,93"
627,42 40 42 43 44 41 44 48,0,"Val direction switches, 42,40,42"
628,38 44 47 48 51 55 55,0,Val diff for 38 and 44 is not amenable
629,50 47 46 39 36 35 32 31,0,Val diff for 46 and 39 is not amenable
630,70 72 70 69 66 64 62,0,"Val direction switches, 70,72,70"
631,12 10 7 8 4,0,"Val direction switches, 10,7,8"
632,73 68 65 64 58 56 55 53,0,Val diff for 73 and 68 is not amenable
633,10 7 4 5 5,0,"Val direction switches, 7,4,5"
634,58 56 55 52 49 45 43 36,0,Val diff for 49 and 45 is not amenable
635,37 39 41 44 46 46 44,0,Val diff for 46 and 46 is not amenable
636,11 10 11 13 14 18 21 25,0,"Val direction switches, 11,10,11"
637,88 84 81 74 68,0,Val diff for 88 and 84 is not amenable
638,81 74 73 73 72 71 64,0,Val diff for 81 and 74 is not amenable
639,28 28 29 30 30 31 30,0,Val diff for 28 and 28 is not amenable
640,77 78 75 72 70 70 71,0,"Val direction switches, 77,78,75"
641,37 34 35 37 41 43 49,0,"Val direction switches, 37,34,35"
642,43 44 47 51 52 52,0,Val diff for 47 and 51 is not amenable
643,71 64 61 60 57 59,0,Val diff for 71 and 64 is not amenable
644,22 23 25 27 29,1,Checks out
645,64 67 69 72 75 77 80 82,1,Checks out
646,85 87 90 91 93 94,1,Checks out
647,28 26 23 22 21 18 16,1,Checks out
648,68 71 73 74 76 79 81 83,1,Checks out
649,24 25 26 28 29,1,Checks out
650,22 23 25 28 29,1,Checks out
651,29 30 31 32 35 36 39,1,Checks out
652,3 5 6 8 9,1,Checks out
653,39 36 34 33 30 28 25,1,Checks out
654,54 52 49 47 44 43 41,1,Checks out
655,82 85 87 89 90 93 96 97,1,Checks out
656,18 21 24 27 28 30 32,1,Checks out
657,8 9 10 12 14,1,Checks out
658,54 53 52 51 49 46,1,Checks out
659,67 66 65 64 61 58,1,Checks out
660,58 57 54 51 49 47 44,1,Checks out
661,25 28 29 31 33,1,Checks out
662,7 8 9 10 11 14 15,1,Checks out
663,88 87 86 85 84,1,Checks out
664,51 52 53 55 58 60 63,1,Checks out
665,38 35 32 29 27 24 22,1,Checks out
666,81 82 83 84 85 87 90,1,Checks out
667,78 77 75 72 69,1,Checks out
668,81 83 84 87 88 90 91,1,Checks out
669,31 34 35 38 39,1,Checks out
670,52 51 50 47 44 41,1,Checks out
671,79 76 73 70 69 66 64,1,Checks out
672,94 93 90 89 88 85 82 81,1,Checks out
673,34 36 38 40 43 45,1,Checks out
674,58 57 55 52 49 47 45,1,Checks out
675,24 23 21 20 19,1,Checks out
676,89 90 91 93 94,1,Checks out
677,58 59 61 64 67 69 70 71,1,Checks out
678,50 52 55 56 58 60,1,Checks out
679,63 61 59 56 53 50,1,Checks out
680,43 46 49 52 54 55,1,Checks out
681,42 40 37 36 33 30 27 24,1,Checks out
682,26 27 28 31 32 33,1,Checks out
683,66 63 62 60 58 55,1,Checks out
684,11 14 15 18 19 22 24 27,1,Checks out
685,50 49 48 46 45,1,Checks out
686,80 83 84 87 88 91,1,Checks out
687,74 75 77 79 80 82,1,Checks out
688,66 67 70 72 74,1,Checks out
689,68 69 72 75 78 81 83 84,1,Checks out
690,63 61 60 59 57 54 51,1,Checks out
691,37 38 40 41 43,1,Checks out
692,44 43 40 39 36 34 33,1,Checks out
693,84 85 87 90 92 94 95,1,Checks out
694,78 80 81 82 85 88 90 91,1,Checks out
695,38 37 35 33 30 29 27,1,Checks out
696,61 63 65 68 70,1,Checks out
697,47 49 50 52 53,1,Checks out
698,39 36 34 32 31,1,Checks out
699,70 71 72 73 74 77 80,1,Checks out
700,41 39 37 34 33 31 28 25,1,Checks out
701,30 31 33 36 37 40 42,1,Checks out
702,18 21 24 26 27 30 33,1,Checks out
703,37 38 41 44 45,1,Checks out
704,10 13 14 15 18 20 22,1,Checks out
705,96 95 94 91 90 89,1,Checks out
706,46 47 48 50 53,1,Checks out
707,83 82 79 76 75,1,Checks out
708,38 39 41 44 47 48 51 53,1,Checks out
709,73 75 76 79 80,1,Checks out
710,81 84 87 88 89,1,Checks out
711,28 27 26 25 22 19 17 15,1,Checks out
712,54 55 57 59 60 62 65 66,1,Checks out
713,69 71 73 75 76 78,1,Checks out
714,43 45 46 49 51 54 57,1,Checks out
715,56 55 52 50 47 44 41 40,1,Checks out
716,36 37 40 41 42 44,1,Checks out
717,63 66 69 71 73 74,1,Checks out
718,40 43 44 47 48 50 53,1,Checks out
719,76 77 78 81 84 85,1,Checks out
720,68 65 63 60 58 56,1,Checks out
721,59 62 64 66 67 68,1,Checks out
722,24 23 20 19 16 14 11,1,Checks out
723,27 25 23 20 18 17 14 11,1,Checks out
724,11 13 15 18 21 24 25,1,Checks out
725,17 18 19 20 22,1,Checks out
726,52 55 58 60 63 66,1,Checks out
727,55 57 59 62 63 65 68,1,Checks out
728,7 8 11 14 17 20 21 22,1,Checks out
729,84 83 81 78 77,1,Checks out
730,24 21 19 17 16 14 11,1,Checks out
731,41 38 37 35 33 30 27,1,Checks out
732,74 77 78 79 82 85,1,Checks out
733,63 61 60 57 56 55 53,1,Checks out
734,27 30 33 34 36 39 41 43,1,Checks out
735,62 65 67 69 70 73 74 77,1,Checks out
736,51 49 48 47 44 42 41 38,1,Checks out
737,22 23 24 27 28,1,Checks out
738,49 50 53 56 59 62 65,1,Checks out
739,36 33 32 31 30,1,Checks out
740,5 8 10 13 14 17 19,1,Checks out
741,38 37 36 33 31 30 27 24,1,Checks out
742,55 56 57 59 62,1,Checks out
743,43 46 48 51 53 55 57,1,Checks out
744,37 39 42 43 46 49,1,Checks out
745,45 47 50 53 56,1,Checks out
746,6 7 9 11 13 16 18 19,1,Checks out
747,57 58 61 62 63 64 67 69,1,Checks out
748,13 12 11 10 7 6,1,Checks out
749,82 79 78 76 74 71 70 67,1,Checks out
750,16 14 11 8 5 3,1,Checks out
751,13 16 19 22 25 27 29 31,1,Checks out
752,35 32 31 28 27 25,1,Checks out
753,22 25 27 29 31 33 35,1,Checks out
754,67 70 73 76 78 80 82,1,Checks out
755,20 21 22 25 27 30 31 32,1,Checks out
756,66 63 62 60 57 56 55 54,1,Checks out
757,32 31 28 27 24 21 20 18,1,Checks out
758,13 15 16 17 18,1,Checks out
759,80 81 82 84 85 86 88 89,1,Checks out
760,49 47 46 45 43 41,1,Checks out
761,69 66 65 63 60 59 56,1,Checks out
762,76 74 71 68 66 65 64,1,Checks out
763,25 22 21 19 16 13 11 8,1,Checks out
764,44 46 49 51 52 53,1,Checks out
765,33 36 37 38 40,1,Checks out
766,65 62 59 57 54,1,Checks out
767,87 84 83 82 81,1,Checks out
768,58 59 60 63 65 68,1,Checks out
769,55 58 60 62 63 64 65 67,1,Checks out
770,77 79 80 82 85 86 88 90,1,Checks out
771,26 29 30 33 35 36,1,Checks out
772,83 84 87 90 92,1,Checks out
773,42 44 47 50 52 55,1,Checks out
774,76 73 72 71 70,1,Checks out
775,38 36 34 33 30 27 25 24,1,Checks out
776,72 73 76 79 80,1,Checks out
777,83 80 79 77 74 73,1,Checks out
778,2 5 7 9 11 12 15,1,Checks out
779,33 31 28 25 24 23 21,1,Checks out
780,81 82 84 87 88 91 93 94,1,Checks out
781,80 77 74 72 71 69 66,1,Checks out
782,68 66 64 63 60 57 55,1,Checks out
783,31 30 28 26 23,1,Checks out
784,35 34 31 28 27 26 25,1,Checks out
785,76 78 80 82 84,1,Checks out
786,85 84 83 81 80 79 78,1,Checks out
787,78 80 81 82 84,1,Checks out
788,17 16 13 11 10 8,1,Checks out
789,84 85 88 91 92 93,1,Checks out
790,83 86 89 91 93 96 98,1,Checks out
791,46 43 41 40 39 37,1,Checks out
792,77 78 80 83 85,1,Checks out
793,46 47 48 51 52 55,1,Checks out
794,88 86 84 81 80 77 75,1,Checks out
795,12 13 15 18 21 22 25,1,Checks out
796,29 28 27 24 23 20 17 14,1,Checks out
797,8 7 6 5 2,1,Checks out
798,88 87 85 82 79 77 75,1,Checks out
799,47 50 52 54 57,1,Checks out
800,78 80 83 84 85 88 90,1,Checks out
801,67 70 72 74 75 78,1,Checks out
802,10 11 14 16 19 21 22 25,1,Checks out
803,41 44 46 47 48,1,Checks out
804,37 35 33 30 27 24 23,1,Checks out
805,29 28 26 23 22 21,1,Checks out
806,24 27 30 31 33,1,Checks out
807,16 18 19 21 22 25 26 27,1,Checks out
808,97 94 92 91 88 87,1,Checks out
809,4 7 10 12 14 15 18 21,1,Checks out
810,1 4 7 9 11 13 16,1,Checks out
811,80 78 76 73 70 69,1,Checks out
812,59 57 56 54 52,1,Checks out
813,53 56 57 59 62 65,1,Checks out
814,47 44 43 41 38 36 33,1,Checks out
815,10 11 12 14 16 17 18,1,Checks out
816,94 91 90 87 86 83,1,Checks out
817,96 95 94 93 90 87 86,1,Checks out
818,27 30 32 35 38 41,1,Checks out
819,35 37 38 39 40 41,1,Checks out
820,88 89 92 94 96,1,Checks out
821,59 61 64 67 68 71 72 73,1,Checks out
822,2 5 6 8 9 12 15 17,1,Checks out
823,71 74 75 76 79 81 82,1,Checks out
824,40 41 44 47 48 51 53,1,Checks out
825,60 63 64 66 67,1,Checks out
826,21 24 27 29 31 33 36 39,1,Checks out
827,11 13 14 16 18,1,Checks out
828,74 75 76 79 82,1,Checks out
829,24 26 28 31 33,1,Checks out
830,59 56 53 51 50 49,1,Checks out
831,60 61 63 65 67 70 72 73,1,Checks out
832,94 92 90 87 84 82 80 79,1,Checks out
833,67 66 63 60 58,1,Checks out
834,25 22 21 20 18 16 15 13,1,Checks out
835,1 3 4 6 9 12 13 16,1,Checks out
836,38 37 35 34 32,1,Checks out
837,30 31 32 34 35 38 40,1,Checks out
838,64 65 66 68 70,1,Checks out
839,3 4 5 6 7 9,1,Checks out
840,85 84 81 79 78 76 74 71,1,Checks out
841,39 36 34 33 31 30 29 27,1,Checks out
842,70 67 65 64 61 58 56,1,Checks out
843,81 78 76 73 71 68 67,1,Checks out
844,13 15 18 21 22 25 27 28,1,Checks out
845,82 81 79 76 75 74 72,1,Checks out
846,42 44 47 49 52,1,Checks out
847,40 41 44 47 49 52 53,1,Checks out
848,73 76 79 80 82,1,Checks out
849,83 84 86 89 91,1,Checks out
850,45 42 41 38 37,1,Checks out
851,62 60 57 56 53 52,1,Checks out
852,25 27 29 31 34,1,Checks out
853,32 34 36 39 40 42 43,1,Checks out
854,41 38 36 35 32 29 26 23,1,Checks out
855,28 30 33 35 36 38 41 42,1,Checks out
856,37 38 41 42 44 45 46,1,Checks out
857,28 25 22 19 17 14 11,1,Checks out
858,74 72 69 67 66,1,Checks out
859,65 66 67 69 70,1,Checks out
860,21 22 24 27 28 29 31 34,1,Checks out
861,51 50 47 46 43 40 39,1,Checks out
862,27 28 30 33 34 37 38 39,1,Checks out
863,82 83 86 89 92 94 97 99,1,Checks out
864,98 97 94 92 91 90 89,1,Checks out
865,85 83 82 81 80 78,1,Checks out
866,87 85 84 82 81,1,Checks out
867,70 72 74 75 78 80 83 85,1,Checks out
868,18 19 22 23 24 27,1,Checks out
869,11 13 15 16 19 22 24 25,1,Checks out
870,55 58 59 61 64 66 68 70,1,Checks out
871,29 26 24 23 21 18 17 15,1,Checks out
872,50 51 52 53 56 57,1,Checks out
873,88 87 86 83 81 79,1,Checks out
874,35 38 39 42 45 47 48,1,Checks out
875,67 70 71 74 75,1,Checks out
876,91 90 89 88 86,1,Checks out
877,21 18 17 15 13,1,Checks out
878,37 36 34 31 30 27 25,1,Checks out
879,67 66 65 63 61 60 58,1,Checks out
880,76 73 70 68 67 65 64 63,1,Checks out
881,37 39 42 44 45,1,Checks out
882,6 7 10 11 13 14 16 18,1,Checks out
883,25 24 21 20 18 15 14 11,1,Checks out
884,84 83 80 79 77 76 74 72,1,Checks out
885,19 17 15 12 10,1,Checks out
886,83 85 86 89 91 92 93 94,1,Checks out
887,13 14 15 16 17 19,1,Checks out
888,97 95 92 91 90 88 87,1,Checks out
889,62 65 67 70 71 74 75 78,1,Checks out
890,19 17 14 11 9,1,Checks out
891,2 5 6 7 9 11 12 15,1,Checks out
892,30 32 34 35 38 40,1,Checks out
893,30 33 34 37 40,1,Checks out
894,76 77 80 83 86 87,1,Checks out
895,15 12 10 8 7,1,Checks out
896,22 20 18 15 13,1,Checks out
897,16 15 13 12 10 8 5 4,1,Checks out
898,36 38 41 43 44 46,1,Checks out
899,55 52 49 46 45 43,1,Checks out
900,15 12 9 7 5 4 3 2,1,Checks out
901,54 55 57 60 63 66,1,Checks out
902,64 61 59 56 54 53 50,1,Checks out
903,37 40 43 46 47 48 51,1,Checks out
904,70 69 66 64 61 60 59 57,1,Checks out
905,21 18 15 14 13 12 10,1,Checks out
906,49 47 46 43 41 39 36 33,1,Checks out
907,33 36 37 39 41 44,1,Checks out
908,87 89 90 93 95,1,Checks out
909,99 96 94 92 90,1,Checks out
910,59 56 54 53 50 48 46,1,Checks out
911,92 90 89 87 84 83 80,1,Checks out
912,2 4 7 9 11,1,Checks out
913,28 25 24 22 19 17,1,Checks out
914,99 96 95 92 89,1,Checks out
915,76 73 71 69 67 64,1,Checks out
916,88 90 92 95 97,1,Checks out
917,25 26 27 28 29 30 33,1,Checks out
918,37 34 33 31 30 29 27,1,Checks out
919,1 2 5 6 7 9 11 13,1,Checks out
920,26 24 22 21 20 18,1,Checks out
921,33 31 30 27 25 24 22 20,1,Checks out
922,68 69 71 73 76 77 80,1,Checks out
923,42 40 39 37 34 32 29 27,1,Checks out
924,67 66 63 62 61,1,Checks out
925,24 21 18 15 14,1,Checks out
926,67 64 61 59 57,1,Checks out
927,80 83 85 87 88 89 91 92,1,Checks out
928,29 32 35 38 40 43 46,1,Checks out
929,42 41 40 37 36,1,Checks out
930,68 69 71 74 75,1,Checks out
931,45 44 41 38 37 34 31 30,1,Checks out
932,59 58 56 54 51 48 47 46,1,Checks out
933,39 41 42 44 46 49 52,1,Checks out
934,67 65 63 61 58 57,1,Checks out
935,71 73 75 76 79 82 85,1,Checks out
936,93 92 91 88 86 84 81 79,1,Checks out
937,32 29 28 26 25 23,1,Checks out
938,52 55 57 58 60 62 64 66,1,Checks out
939,51 53 55 57 58 59 60,1,Checks out
940,35 32 30 29 27 24 21,1,Checks out
941,69 71 73 75 76,1,Checks out
942,26 28 30 33 34 36,1,Checks out
943,26 24 21 18 17 16 14 12,1,Checks out
944,57 59 62 64 66 67 69,1,Checks out
945,23 20 18 17 15,1,Checks out
946,33 34 37 38 39 40 42,1,Checks out
947,85 86 87 88 90 93 96 97,1,Checks out
948,43 41 40 37 36 34 32 29,1,Checks out
949,23 26 27 28 29 31 34 35,1,Checks out
950,26 23 20 18 17 16 15 12,1,Checks out
951,54 57 59 62 64 65 67 68,1,Checks out
952,88 85 84 82 81 79 77 76,1,Checks out
953,88 86 84 83 81 80 78,1,Checks out
954,94 91 88 85 84 81 78 77,1,Checks out
955,62 61 58 57 55 53 50,1,Checks out
956,47 45 43 42 40,1,Checks out
957,23 22 21 19 17 16 15,1,Checks out
958,34 36 38 41 42 45,1,Checks out
959,15 13 11 9 7,1,Checks out
960,41 44 45 47 48 50 52 53,1,Checks out
961,82 79 77 76 75 72 70 67,1,Checks out
962,71 72 74 77 79 80 81,1,Checks out
963,56 53 50 47 44,1,Checks out
964,33 34 37 39 40 42,1,Checks out
965,60 58 55 52 51 48,1,Checks out
966,67 64 62 60 57 55 53 50,1,Checks out
967,27 26 23 21 18 16 13 11,1,Checks out
968,72 69 68 66 63 62,1,Checks out
969,61 64 66 69 70 72 74,1,Checks out
970,9 12 14 16 18 21 22,1,Checks out
971,42 39 38 36 34 31 29,1,Checks out
972,77 76 73 71 68 66,1,Checks out
973,10 7 6 4 2,1,Checks out
974,39 37 35 32 29 28 27 26,1,Checks out
975,68 71 74 76 79 80 81,1,Checks out
976,45 47 48 51 54 56 59,1,Checks out
977,91 90 89 87 86 85 83 82,1,Checks out
978,42 44 47 49 51 52 53,1,Checks out
979,24 23 22 20 18 16 13,1,Checks out
980,14 12 11 8 6 3 2,1,Checks out
981,45 42 40 39 36,1,Checks out
982,32 34 36 39 42 43 44,1,Checks out
983,89 87 86 85 82 81 80,1,Checks out
984,10 12 15 16 19,1,Checks out
985,62 59 57 55 53 51 48,1,Checks out
986,99 98 96 93 90 87 86,1,Checks out
987,56 58 59 60 61 64 66 69,1,Checks out
988,49 50 53 56 59 62 64,1,Checks out
989,79 76 74 71 70 67,1,Checks out
990,66 63 61 59 57 55 54 52,1,Checks out
991,32 31 30 29 28 25 23,1,Checks out
992,88 91 94 96 97 99,1,Checks out
993,72 74 76 79 82,1,Checks out
994,14 16 18 19 22 23 26 29,1,Checks out
995,51 49 48 46 45 43 41,1,Checks out
996,58 59 61 63 66 68 70,1,Checks out
997,13 10 9 6 3 2,1,Checks out
998,77 75 73 70 68 67,1,Checks out
999,62 60 59 57 54 53 50,1,Checks out
